,sinus
0,1.2129686821955035
1,1.543196765736388
2,-0.4620318491964518
3,0.5209525559279673
4,0.43079224404116245
5,0.38226126099751023
6,-0.6954329564120885
7,0.2876829088310413
8,-0.9503051355179131
9,-0.06004425041567765
10,-1.8643248789368285
11,-0.5380523328542295
12,0.3116188710939193
13,-0.6559411844470888
14,0.2440604293264742
15,-0.5601622853797085
16,0.05991362682835444
17,-0.9563216602858378
18,-0.7784242832132345
19,-2.000331174954774
20,0.26817612443104766
21,-1.8655598584290534
22,-1.3236267848409482
23,-1.0301657373202584
24,-2.3234824635295164
25,-1.150244477616103
26,-1.581568978369021
27,-1.4218961716917695
28,-0.26321289256940616
29,-0.8471076499300834
30,-0.7143377683338749
31,-2.421811015182099
32,-1.22529291419863
33,-0.1709977520043925
34,-2.9549857289980976
35,1.404059896728528
36,-0.8719317080535324
37,-0.6280132521925343
38,-1.1027518508255225
39,0.11071112355531176
40,0.22610299080289997
41,-1.7131016360109999
42,-0.15202180034600643
43,-0.767386765058764
44,-0.24446207587132063
45,-0.061361879384734364
46,-1.4806992238590193
47,-1.8640929641044366
48,0.20567167581024637
49,-1.2496057398376104
50,-1.4032508033977718
51,-2.2239588694868964
52,-1.0539577274555332
53,-2.0771071124492235
54,-0.26954379121135397
55,-0.8443567384142219
56,-2.3326390518696085
57,-0.9593093741536111
58,0.6521412974939904
59,-1.7130432719663995
60,-2.738058331103527
61,-2.2785115310406456
62,-0.4994126024159938
63,-1.377825016993307
64,-0.6557236722689928
65,-1.6126507672342663
66,0.37802937042320284
67,-1.3177616628555109
68,-1.1373175106547517
69,-1.1334552172473296
70,-1.0533944025124742
71,-0.4273430835795097
72,-1.3477157474143873
73,0.6739683221835213
74,0.20352649690473257
75,0.5744418666645013
76,-0.9255281058075187
77,-0.779338734768691
78,0.15778208217093448
79,-1.644617170110244
80,-1.803827698996157
81,-2.978722100317759
82,-0.8872264215154644
83,1.2787925833876206
84,-1.2808154184916216
85,-0.379443858517727
86,-0.12738644267154775
87,-1.9457080076804565
88,-0.2680169826483213
89,0.15984626419946035
90,0.7223174142012494
91,-1.0767501151545025
92,-0.5384871196468737
93,-0.18462368134133264
94,-0.928639695993116
95,1.187918080754214
96,-0.37648397257416727
97,-0.439444293277141
98,-1.3545111715087899
99,-1.1965079748183947
100,0.011740054356911538
101,0.05120214173958093
102,0.516254857293877
103,0.054124608224540204
104,0.5699233078109165
105,0.9362905138057506
106,-1.2452294383335196
107,0.721245918044993
108,-0.5135530397519615
109,0.39637115215019636
110,2.7599456795509285
111,1.3756012815402117
112,0.6779980509076444
113,-0.10048291770585144
114,0.0442760352216664
115,0.1484105911725878
116,-0.8146296856582513
117,-1.0652421937835923
118,-0.3857752259195836
119,-0.3630730083578275
120,-0.49970521570888127
121,0.9670222246105402
122,0.8517980752999028
123,1.3907822228962354
124,0.0898435318644677
125,0.28500155522120935
126,0.24274673189365908
127,0.09473304007512517
128,0.3546148925397115
129,-0.30378074325656523
130,-0.5696575858147185
131,0.6525496594202567
132,1.2184550125976177
133,0.8668989485301062
134,0.27240617171628256
135,1.0107772364294467
136,1.7176740291484884
137,1.0633255504746622
138,2.7995749778338443
139,2.1005284633657118
140,2.5117850495134295
141,1.0653512280569524
142,0.5197131529300987
143,1.053852902696922
144,1.983874861005908
145,2.3968744112510407
146,1.5424880602540934
147,1.6929691187683005
148,1.3313718753079702
149,0.9254661776536405
150,2.1327250321972793
151,2.593523964220247
152,0.4704327908189493
153,1.8893263606886563
154,2.259257193780079
155,1.361741866154597
156,3.626071646393192
157,2.709530948209806
158,2.066246689989063
159,1.8711277035092326
160,2.067297602135334
161,1.469793676129477
162,0.234010510692937
163,0.5817237161253959
164,2.176564770390542
165,-1.1751522910793484
166,1.7319696633429307
167,0.829475032609506
168,2.734399754957647
169,1.509054297517481
170,0.6533924044127549
171,0.29173851264930006
172,-0.2429297964355175
173,0.9795722878380291
174,1.4636063105685757
175,1.7126366565112996
176,0.5262099281594483
177,-0.27750733883231726
178,-0.0023413420993948497
179,2.9283610488102507
180,-1.233536660999084
181,1.754392090833592
182,0.7242420821488227
183,0.7723304473590835
184,-1.861693822297464
185,-0.8770668685055398
186,-0.041525091385711754
187,0.5154621898126042
188,2.8821789530566133
189,2.372194820452522
190,-0.5105301012968699
191,0.28774604663874953
192,-0.4555620111798476
193,-1.1550605988952913
194,1.1886277208675315
195,0.5851962948529292
196,-0.14206855680723127
197,2.0343471728078777
198,0.38360167039052934
199,-0.132172016993424
200,-0.03515813408646995
201,0.5128308260495865
202,0.8527540621659886
203,0.5497639710491271
204,1.4719185452621135
205,2.0977368225132533
206,-1.1034533075949784
207,-0.8123667536118502
208,0.7812605486466585
209,-1.77566832400615
210,-1.2226004081079092
211,0.9205467384154391
212,0.08487952090482637
213,0.8754238185844033
214,0.511562371584289
215,-0.8882831183955293
216,0.05808747213025833
217,-1.2683782584960617
218,-1.1555065770652977
219,-1.751460461389832
220,-0.41951587478910535
221,-0.7116457975542797
222,-1.6039499000906927
223,-1.1956922799788283
224,-0.40211951560377895
225,0.9838891719463537
226,-4.90780514720487
227,0.40205564880015465
228,-1.2700962851965607
229,-0.29476319592103
230,0.7994594227950159
231,0.4911084198866137
232,-1.8015747767587782
233,-0.8159189532493422
234,0.31706645677345235
235,-0.59253653188391
236,-1.0368400232215147
237,-3.4311645186757387
238,-0.41068855516694813
239,-0.07555123087147297
240,-1.5742533116165225
241,-3.5892218518274923
242,-1.2769915673491234
243,-3.201837401325906
244,-2.876469321477341
245,0.6771608204738212
246,-0.29939883086283825
247,-0.5812613761749434
248,-1.3129440746087457
249,-1.8384122330500503
250,-1.4325550856016604
251,0.05453738267916497
252,-1.233771733008709
253,-1.1537728312398863
254,-1.127162565254913
255,-0.0909631971963959
256,-3.087870471755222
257,-0.6800026592751476
258,-1.335487875671718
259,-1.4194127967660928
260,-2.2979932623590864
261,-1.0231224783364223
262,-0.6213477789993986
263,-1.0286063080128436
264,-2.160007153799631
265,-0.9147203464977529
266,-0.8582434907181115
267,-1.6246252624039312
268,-2.0180227821303296
269,-1.477360335254477
270,-1.2744749492460727
271,-2.5032437440719364
272,-0.09010326635169952
273,-1.3194629809494396
274,-0.937788770822563
275,-2.333700580859377
276,-1.0221160110100884
277,-0.1773586214037356
278,-0.7593858504283991
279,1.340759108294817
280,-2.032193897823293
281,-0.38504650739274826
282,2.186259247001584
283,-1.2809113266451462
284,0.4853382428525874
285,-0.6669825037316356
286,-0.7935444516687353
287,0.7279063292816048
288,0.3332935419752542
289,-0.44092236829224374
290,-1.9132909865040517
291,-0.7725989529245831
292,-1.4724899827755906
293,-0.47067249996678007
294,-0.02379054782102924
295,0.09372533637646288
296,0.2410339752256726
297,0.1745732645373941
298,1.2071469104208494
299,0.3252422691699088
300,0.6804362472077703
301,-0.9003685875628415
302,-0.6579239497116152
303,0.12079325391456477
304,1.4568939589958636
305,-0.890726195222319
306,1.4374300736229946
307,0.83777036102377
308,0.2180791192683169
309,2.0132302699699176
310,1.2483287097876519
311,1.637290880838604
312,1.0824260742679817
313,-1.5800090055112497
314,-0.4168921357697791
315,0.2682929112840906
316,1.3224393920569264
317,2.3425128111085503
318,0.06894417780505346
319,-0.7707378940133675
320,-0.4681201764321158
321,0.0763924834995029
322,0.9503214072001124
323,-1.1650288742189527
324,1.6917078280081626
325,2.1295157950461
326,0.7873687747094561
327,0.7236584762297869
328,1.0341531238194488
329,-0.15144852620080118
330,1.3553037555803111
331,1.8720931401294558
332,-1.417382452565722
333,2.5071108640313646
334,2.6332674974355252
335,1.2860216359261387
336,0.18348657947553992
337,-0.020617025458255167
338,1.809602500018384
339,0.7654207478530178
340,-0.06287816399873358
341,1.601203019920944
342,0.08759636143322291
343,0.6811712788050748
344,1.321434767796513
345,0.882243024513228
346,-0.16038025689904534
347,2.799277508832628
348,-0.1455211199672437
349,-0.12472078977505552
350,0.8820272252898596
351,1.4526318908046596
352,0.7012992094664461
353,0.2805431567379745
354,0.7536973917639965
355,0.9190264447265847
356,-0.15613712176829264
357,1.4022990454123887
358,0.5701335252203761
359,-0.07345995589347898
360,0.8599478313486114
361,0.6707407851745477
362,0.10614805502235458
363,2.295641106695541
364,1.9218712496154073
365,1.5184360339057172
366,1.387881595715172
367,2.362713338685997
368,1.281418860437054
369,1.5432605780891886
370,0.15121287342430922
371,0.1541860285686837
372,0.43588500052365253
373,1.2835547042924311
374,1.160825807019683
375,2.545971773715966
376,1.7291235617947203
377,0.041395874800653765
378,-0.75851699022535
379,0.673265003866587
380,1.1342410070315618
381,1.2819293830958562
382,-1.3767910778779986
383,-1.288967989167828
384,0.08851810855434533
385,2.252198665180539
386,-0.41931103941637193
387,-1.1973114851739495
388,0.9360035830624771
389,0.2953339701713215
390,1.6260930146971737
391,0.4968639537814362
392,0.5932582714006943
393,-0.08770467799411788
394,-1.023158178407684
395,-1.7394061433968047
396,-1.204686597369218
397,0.06496980778470102
398,0.34562960584945884
399,1.7103812108124565
400,0.654666683473356
401,-1.4486865406322782
402,-0.09380076445451402
403,-1.4479004299787026
404,-0.14341692635153763
405,-0.6763691052342947
406,-1.1275620750878088
407,-2.4776414246036182
408,-1.0428105191528276
409,-2.512450498851024
410,0.7890205298491254
411,0.04128189154175843
412,-0.598052768280702
413,-0.45193429550347036
414,-1.4698357024828477
415,0.39591290986156896
416,-0.8568166397871606
417,-1.0271674304836211
418,-1.0619689952439475
419,1.4725352700010954
420,-1.348530807636338
421,-0.4393222210654372
422,1.4384549733844758
423,-0.4017224773175295
424,-2.340999027341392
425,-1.3505113006423055
426,0.2395444375589033
427,-0.5769722188200411
428,-0.663721540855768
429,-0.8732957824628549
430,-1.1174775826335552
431,-1.5842282516852824
432,-0.6877945716679299
433,0.2567611647602963
434,-1.136760498377308
435,0.0540852896792301
436,-0.7764520474354011
437,1.0262981569479934
438,-0.6330177053374998
439,-1.5516539027711334
440,-0.7874449561408718
441,-0.12027563110202011
442,-0.2631819972157582
443,-0.7435313952928198
444,0.2354857474399622
445,-0.8839892374117787
446,-0.6770177209489702
447,-0.0891970134418526
448,-2.96579401340329
449,-0.2900947645328672
450,-1.4027890330670256
451,-1.3862660270374199
452,-1.8537689393562164
453,-0.5183302517704979
454,-0.6526258917101433
455,-1.736328452838976
456,0.44324211643824507
457,0.6949501783800759
458,0.3662661062160484
459,-2.389651706767425
460,-2.315892480088457
461,-0.7082485976229425
462,0.25542482487811546
463,0.5907759257269974
464,1.1973556531507312
465,-2.6687527264005717
466,-0.02416178364240973
467,-2.3314868421335624
468,0.5110954699150217
469,-2.2860796699338475
470,-0.8807879486937875
471,-0.6792388586616841
472,1.830654016443043
473,-0.7231359507620969
474,-0.72835581646172
475,-2.4465509645751995
476,1.5951255341136998
477,-0.25860697890000434
478,-0.5200611065426863
479,-0.9918900479788937
480,-0.5261837080988072
481,-1.3333389571153056
482,-1.2576516119495231
483,-0.11159732485549467
484,1.545955809191178
485,-0.4207817655630492
486,-1.5664455172830956
487,-0.1417587139771045
488,0.33661284126030494
489,-1.0250048823076607
490,-0.47055107744750996
491,1.3138288312749618
492,0.38281182233126293
493,-0.34827894654090796
494,0.8984253615200054
495,-2.1510932566332923
496,-1.1533003440543073
497,-1.8665116658333485
498,0.27815106126872496
499,0.5502499299908876
500,1.4348553362257375
501,-0.19747995273049246
502,0.19856041727853968
503,-0.5618590408029847
504,1.3152102677977646
505,1.1046671709370262
506,1.2023573418957763
507,0.21045906495073521
508,1.6576673816989018
509,0.36399435087430293
510,-1.1308121560855338
511,0.8589781234009073
512,-1.1039782235370548
513,0.430980269378101
514,0.612263921177329
515,1.8546263225988593
516,-0.3519703897772332
517,0.7259110313069537
518,-1.3703564774297914
519,1.1643592741770628
520,2.1736408933574793
521,0.17005725687569662
522,0.178150788440105
523,1.6035359211589824
524,0.14013733253548744
525,0.08939550048795819
526,-0.2644995628901642
527,2.5509597850982164
528,1.1162412088457154
529,0.25193351785867024
530,-0.22841726849124844
531,1.043018233408289
532,2.1991422915493968
533,0.4569615536827728
534,-0.5222057829369535
535,2.4638227969505397
536,1.418026295818708
537,0.4265630895066207
538,0.8895729766106668
539,0.9391248619956257
540,-0.503690430901875
541,-0.47312459647211513
542,0.2820379470582477
543,0.6704614226401976
544,1.2620500555888032
545,2.0110376613411374
546,0.736347920934544
547,0.8576198942601502
548,2.1702941054563194
549,0.4138621214446636
550,0.5445497274825648
551,0.8068304234564676
552,0.4679502725680541
553,-0.4115457933230289
554,2.0541186760936805
555,0.6443869248039551
556,2.260165822430608
557,1.7100805105842056
558,0.267099707523872
559,0.6666836421434099
560,1.4179567047868356
561,-0.9320615547688039
562,-0.3326408692689856
563,1.6371641476234746
564,0.9953540090847116
565,2.0887833640961286
566,0.14499151796905052
567,0.5936930945587008
568,-1.8437606300648228
569,0.6703766886685436
570,1.828513987257868
571,0.6892578775322546
572,0.47967318098790696
573,0.7128436669165226
574,0.016488206175210962
575,0.04586491096048417
576,1.8378768769818516
577,0.1787187040628691
578,-0.14355350636825015
579,0.7462570996404598
580,2.1301153515092004
581,-1.22302124482191
582,0.46448719684780077
583,0.4775038167300818
584,0.31931379310241087
585,0.8672898852710055
586,1.850143416394613
587,0.36101180753662737
588,0.6162054908433914
589,-1.3346601994599574
590,2.0528269408417517
591,0.8571019932027191
592,0.49851280985786195
593,-1.7104040758782912
594,-0.28003024853434505
595,0.25801579018222554
596,-0.3422076355610587
597,0.893010549805745
598,-0.5944793873509988
599,-1.0974200621548216
600,-0.2569484456035511
601,-0.8379316040509475
602,-0.8475959607986008
603,-0.4704951944309392
604,0.14152481749714588
605,-0.10688993596886845
606,0.06813876203711958
607,-0.7651776277147846
608,-0.8217978419577942
609,0.41737867786563254
610,-2.036385954013973
611,-0.12698104303785396
612,-0.6875991696694563
613,0.3934146345844264
614,-3.1510135536027626
615,-0.7177406209514787
616,0.1925474279503147
617,-0.9840123767187068
618,-1.29821439581035
619,-0.6898954088161948
620,-1.033778760013571
621,-1.7351030101875247
622,-0.9889895341844661
623,1.2505706625777417
624,0.8327010272493636
625,-0.7402346845567894
626,-0.7395251513568811
627,-0.3696562878437628
628,-0.2583784313380647
629,-1.6447906426370704
630,-0.3628348253259597
631,-1.4619166830459718
632,-0.8561542150354822
633,-1.7982866112655895
634,-1.6346766761500264
635,-1.6546919819398016
636,0.5410843803330564
637,-2.691640830123555
638,0.9395070511338242
639,-0.16544069962565633
640,0.032241461926262094
641,-0.1757375140540821
642,-2.0427824169865634
643,-0.19953661703658487
644,-1.5837936030305928
645,-1.1631324682788118
646,-1.0502371475057881
647,-0.9117723009594301
648,-1.254801197511259
649,-1.6184309894482878
650,-0.45890768991372577
651,-0.6927409562356367
652,-0.04224059701875815
653,-1.0573675219486034
654,-2.3817425108640453
655,-1.306419595779278
656,-0.9066939890565033
657,-0.30267199629351926
658,-0.18433150561720568
659,0.7535085686073376
660,-1.1314978686222308
661,-1.7088259161776398
662,-2.550831917934069
663,-0.6230569154562423
664,0.4712490183541175
665,-1.385317252711399
666,-1.9695869347797887
667,-0.5857685741397742
668,-0.7724729456584745
669,-1.3375696921351632
670,-1.3346415410563721
671,1.1193858449644618
672,1.4278576091684494
673,-1.510261422858996
674,-2.082408419121393
675,-1.309965133265056
676,0.08288830934435287
677,-1.0453801369206261
678,0.18581778960981354
679,-1.39441241999234
680,0.2399452793294662
681,-1.0457064264743308
682,0.36329170503686303
683,-0.21699817067928961
684,-1.5669842040621293
685,-1.1368765352103656
686,-0.43465449614360135
687,0.18310450218090024
688,1.2959640222900994
689,-1.9075141511362845
690,1.247399982086684
691,-0.40311241355006516
692,0.12205651629922729
693,-0.36725705604989445
694,-1.4837626025481585
695,-0.10763964574291443
696,1.5055933323569912
697,-1.9642562515041808
698,0.865254223381426
699,0.337454165284834
700,-0.06714460676758795
701,1.0756045019742768
702,-0.9399794907801823
703,1.0984815590834573
704,-0.1688575131852385
705,-0.4404211797945104
706,0.9889628245648747
707,-0.22507602585671027
708,-0.18160306118865838
709,-0.5517815037958773
710,0.7131566979144102
711,-1.407504593968394
712,-1.8199229424035153
713,2.11806906378346
714,-0.6521864885851425
715,0.6374395171711942
716,1.0237783962238272
717,0.3594501923849075
718,0.5887983678040527
719,-0.12790804041297854
720,0.23631808353063422
721,1.4892313208447945
722,0.4031930902772026
723,1.8762910539594686
724,-0.3080000977955111
725,0.7211580156787665
726,0.7975588305404014
727,0.7722290382197088
728,0.15626016475656412
729,0.7924895452249384
730,-0.3847523830281413
731,0.6899471422068301
732,1.6652133515647596
733,0.3948925462877242
734,0.7880187683868297
735,-0.05800429647144634
736,0.6103809237563537
737,0.06242997303255238
738,-1.0593102514139718
739,2.173067496609071
740,1.3975733760560873
741,0.22057660706158444
742,0.22451260907097592
743,-0.6468778461420376
744,0.3033947539688274
745,0.9544179348710463
746,2.095170585067972
747,-0.5713930766281974
748,1.7403658159472042
749,0.22829623757124617
750,1.4911284961286793
751,-0.23747923213875177
752,-0.6637535847775922
753,1.073576498934683
754,2.608782688916085
755,0.9040125709230323
756,1.8833947956661903
757,0.6440202115208132
758,2.1701132716746274
759,1.7994898720099064
760,-0.582952878452024
761,-0.5307131822096036
762,-0.11852079501096413
763,0.9560432348064001
764,-0.2877069591377991
765,2.493531967584865
766,0.03107938072673655
767,0.7538279060618613
768,-0.8565837799349406
769,0.9074518996028412
770,-0.8907095934868638
771,1.0790386735148847
772,1.8365583076006935
773,1.201545784183032
774,3.0516145427241828
775,0.4274794433407664
776,2.0195319794595012
777,2.2467750158262896
778,0.48565694012760485
779,1.0696221696406614
780,2.8486698795654357
781,0.7373068673686158
782,1.101163486860595
783,-0.11276631340745241
784,-0.228760416862341
785,0.3924309190933057
786,1.4300042950425103
787,0.6630921714522773
788,1.9375370659524203
789,1.668647702883177
790,1.8610591132732677
791,0.5291516709231363
792,-0.4500332612824361
793,0.5774785234049207
794,0.8638145310027017
795,-0.6925459102873641
796,-2.3840281742619247
797,1.0107440686847402
798,0.8529496690215482
799,-1.864992388450925
800,-0.27306923597142685
801,1.1807873568581073
802,0.10599838834366412
803,-0.8013605904190152
804,-0.9864078755204577
805,0.23050372072464848
806,1.488010432252477
807,3.1751773612902077
808,-0.3309213910894161
809,-1.1227607196769434
810,-3.038453134540523
811,-0.4769112264534283
812,-1.964836503030957
813,0.32976306211583006
814,0.058647529403297205
815,-0.9745468761989223
816,-0.474125045834589
817,-1.6681026481040024
818,0.8428014096301004
819,-2.186508240923048
820,-0.9075406764420066
821,-0.5104543916735158
822,-2.0661750910468673
823,-0.3519389152810361
824,-0.40547730989634995
825,-2.092438415348453
826,-1.04037191544734
827,-0.7522776067506405
828,-1.924284812849163
829,-1.3205918157570864
830,0.22887046851545456
831,-0.7353763229445002
832,-1.646088390686133
833,-0.08938153448354291
834,-1.6808168596867659
835,-1.025453648505548
836,-0.5725109683322804
837,-0.5549782104184597
838,-2.813296057748208
839,-0.46700134994555387
840,-1.4589836168147141
841,0.20017064140185592
842,-0.9519266907137544
843,-2.005064969129484
844,-1.624413780899559
845,-0.14098265557293987
846,-0.6397022676696572
847,-0.06822659684652232
848,0.45988769181307554
849,0.2086076020395451
850,-0.4342571652616196
851,-1.4458317649106687
852,-0.975994024220938
853,-1.0397798146971826
854,0.3090695110762294
855,-0.5074526109369774
856,-1.2682979824249443
857,-0.6126198846042747
858,-2.4753448463260037
859,-0.16333667908007965
860,-1.7632943190471333
861,-1.4112356545548697
862,-0.390704057769072
863,-3.1592499717697877
864,-0.8161817358867833
865,-0.8572202159054901
866,-1.0774613459484856
867,-1.8585292310438928
868,-0.33903269481982734
869,-0.9016268206820083
870,0.7613576051689804
871,-1.58672053664798
872,-3.02092915336041
873,0.05188135351434664
874,0.053163914619624664
875,-1.4991881183268037
876,-2.421222877251943
877,1.5484532235513866
878,-0.6323072751188606
879,0.09058322600184132
880,0.604123286124134
881,-0.9672981860778399
882,-1.8025073467041237
883,-0.6062783897382352
884,0.8591293092461558
885,-1.2241229554203787
886,-0.29410871033565145
887,-0.2681450564708486
888,-0.9487228557458671
889,-0.15771001640583499
890,0.45471907089953445
891,-1.1368499695490772
892,-1.1299632676785363
893,2.242992541831211
894,-3.098581092331073
895,0.49803681971385916
896,1.5631942136199373
897,-1.8545101086478697
898,0.785383084656151
899,0.9458190323556646
900,-2.2456360631257613
901,0.7189626478042658
902,1.8292681834056908
903,0.9667832902154423
904,0.1256047816873776
905,-2.6199843201006896
906,0.5991825763907371
907,-0.11233760114471078
908,-0.29333219490811
909,-0.2878690331789695
910,0.8500565396913897
911,-0.07325445840217487
912,1.4813890249010588
913,0.3163266810108134
914,1.1194797160040644
915,1.792771337700616
916,-1.8798141353784532
917,-1.5523312683324955
918,2.3015480691013606
919,-0.8914137013204784
920,2.0472809087513126
921,0.6163721590797295
922,0.14568813831310135
923,0.7753379657625954
924,-0.9224005111990828
925,0.37531846251910966
926,1.251531029547732
927,1.5847974197212893
928,1.2054799757312216
929,1.3485674166116317
930,-0.017679357033798637
931,1.4722459877004983
932,2.4495386876227885
933,1.9871050761656186
934,-0.18630638713298053
935,0.9841672088383437
936,3.6224603568092704
937,0.7079098781430504
938,0.6166179706191882
939,0.9598610703309416
940,-0.7916838699497805
941,0.2233094796942613
942,1.0155816677169751
943,0.9055535523208748
944,1.0747965728977047
945,1.4300860199298961
946,1.293035575379016
947,3.4493920915838183
948,1.112565401338903
949,1.437534175454712
950,2.5849532443770196
951,0.6406995032048088
952,-0.19200508688663454
953,1.6570412773876981
954,2.3802397363541794
955,2.6250558207246772
956,-0.7051942254462416
957,1.1199129191055015
958,1.172014758141494
959,-0.24861064856804804
960,-0.7270262048091927
961,1.4612970350027685
962,-0.1632884719915535
963,1.1669204071301824
964,0.7079187269503466
965,-1.845260229054537
966,0.8399121672824121
967,0.7838022631511871
968,1.1523592833664211
969,1.6366775577284929
970,2.614151306778214
971,-1.0599512815727565
972,1.0052610642995794
973,-0.06680793745603875
974,0.6602362759817196
975,0.3806657099317507
976,1.2067530882673556
977,1.0823721974207068
978,2.1533213216470677
979,0.8587322133763049
980,1.4073833854626814
981,2.2312355502616206
982,0.8480379785802912
983,-1.1631523218407152
984,-0.24623097371396702
985,-0.9380355834870444
986,-0.5334321262817899
987,1.632672900783373
988,-0.07241478764894171
989,-0.40587164786266
990,1.4354491864000978
991,-0.6089135293374809
992,-0.15248329537835648
993,1.9485251064293048
994,-0.18280548134024738
995,-1.0700267478834813
996,0.458169354539685
997,0.6474095348144866
998,0.17275449118765857
999,-2.48262506702392
1000,-0.19660624215994088
1001,0.8151629558973743
1002,-2.425264164303869
1003,-0.537224830854898
1004,1.432581344793621
1005,-0.2886329486974046
1006,0.4516067386880569
1007,-0.5277007322626458
1008,0.46371474382275085
1009,0.47405665272513464
1010,-0.2055070119674108
1011,-1.0138231188891687
1012,-0.5725421401159048
1013,-0.05701307427644858
1014,-1.8424156166813141
1015,-2.729836326529314
1016,-0.3869014634745065
1017,-0.6127988778048823
1018,0.2624805526178349
1019,-1.3353625030079406
1020,-1.1409379615828557
1021,0.7863750910955172
1022,-0.3211161524871122
1023,0.06309257886497055
1024,-1.0409506912435809
1025,-2.629028938939055
1026,-0.3944810114103319
1027,1.1116729373266399
1028,-1.4661259073981228
1029,-1.9958040691906629
1030,1.4228273350225
1031,-1.307520538809183
1032,-1.7900245459070123
1033,-1.4856976197961411
1034,-0.37914423524606267
1035,0.0391556803239943
1036,-1.9337683641444616
1037,-1.7504311233010061
1038,-1.449206494471449
1039,-1.762256210775104
1040,-0.17766516059323667
1041,-1.7597513598538068
1042,-1.2835176754596445
1043,-1.6204784336353857
1044,-0.9736646298580556
1045,-2.0920935861741876
1046,-2.166923568388607
1047,-1.2482929385318695
1048,-1.6558747861945304
1049,-2.9608742874098017
1050,-1.5797158924114574
1051,-0.7077675379838857
1052,-0.7235467212953948
1053,-0.8368544132349333
1054,-1.8014572559696846
1055,-2.737873703848134
1056,0.19920998232525144
1057,0.19312216133845717
1058,-0.8625349657560106
1059,-0.5675785334018937
1060,-1.7535076220700327
1061,0.21889435061644147
1062,0.06365594520650597
1063,-0.689242704442202
1064,-0.8959991015929818
1065,-0.606816345604098
1066,-2.030813187204461
1067,-0.4486646358176398
1068,-2.0222124608361067
1069,-0.15829527219270645
1070,-1.5238863111581988
1071,0.06430321342960144
1072,-0.7864385131139359
1073,-1.902544011899559
1074,-1.22773094487035
1075,-0.2463861156993049
1076,0.15295196831302982
1077,-1.4249951190768564
1078,-0.8955294172100093
1079,0.15451140265206198
1080,-0.9963883673144435
1081,0.39157231590453323
1082,0.6409265607538752
1083,-0.5705763485594197
1084,-0.5294021107473263
1085,-1.6294814346709154
1086,1.0049127189568874
1087,-0.9245324966738298
1088,0.04437149486240366
1089,-0.3492601616052397
1090,-1.298598742665829
1091,-1.8848156171803845
1092,-0.09909945527207442
1093,-0.009073040674662941
1094,0.29653261736739067
1095,-1.2930718060328141
1096,-1.4109585145453811
1097,-0.6034962032124523
1098,-1.8389405194722157
1099,-0.5183799076589322
1100,0.26996341587226114
1101,-0.2083254536927403
1102,2.764303970619434
1103,-0.2605145026119077
1104,0.012655711279157378
1105,0.49423338417912366
1106,0.858606598876503
1107,1.7374338354303007
1108,0.41080853072719903
1109,0.8669942653969223
1110,-0.3675489582403796
1111,0.9885233198713312
1112,0.5211595104913722
1113,0.7671422111476547
1114,-1.1665210934516972
1115,1.3696908182472618
1116,-0.4440652335643214
1117,0.8482058608881389
1118,1.0644166441396088
1119,0.7317311996364022
1120,0.9514439211487186
1121,0.32914981752743677
1122,0.4387600857314794
1123,-0.38945996092349555
1124,2.6915884321139667
1125,0.4463617843274411
1126,0.6166879323833048
1127,0.923728418830341
1128,0.29852207188428603
1129,-0.5934262629726146
1130,0.23342702027827866
1131,1.600083327217309
1132,2.747392289928176
1133,2.8157574722030283
1134,1.4275560335439479
1135,0.9625306383584026
1136,0.5687820103117216
1137,1.2285570089776288
1138,4.019204492654505
1139,0.6467853283046836
1140,2.5869671414754394
1141,0.11631744154730406
1142,2.052489727414115
1143,0.9846847177916129
1144,0.45655112827074207
1145,1.227442422785658
1146,1.7759891875374292
1147,1.6625023908254115
1148,0.9860705647070751
1149,1.73861306831302
1150,2.6343390851479387
1151,1.7190014452039346
1152,-0.037803566170678704
1153,0.7059185842459506
1154,1.370830838008577
1155,1.0728606889677161
1156,2.0382243699048495
1157,-0.19640329975194692
1158,2.1518826961188893
1159,-0.5593416837604583
1160,2.442711619317948
1161,-0.2447466968465274
1162,3.153592369310158
1163,2.218818610078469
1164,2.7260072543330462
1165,2.0053451084454754
1166,0.2027831161432282
1167,-1.303544800119964
1168,1.2566668133569072
1169,0.8577708315698028
1170,2.8055204225279327
1171,0.6187111623598968
1172,-0.5491351089888177
1173,0.4776598972845401
1174,1.7942736267018655
1175,1.068649031865046
1176,1.1828808578948904
1177,0.14095546078548193
1178,1.2782316413141745
1179,1.738401222766531
1180,1.910232832705765
1181,1.0780912790908896
1182,2.9728957994905674
1183,1.765651802780708
1184,0.6120365989520882
1185,-0.12990960227212917
1186,-0.8329596120288372
1187,-0.6898946311171772
1188,0.31514521524459305
1189,1.5511825379145556
1190,1.4672501664954871
1191,-1.7732300747163325
1192,-0.4944778160423688
1193,-0.16363467154699549
1194,0.2973921064345746
1195,-2.435464266116732
1196,1.082993428122829
1197,0.6991522267931012
1198,0.22647786402413592
1199,-0.028107327140052197
1200,0.5009805231621043
1201,-1.748997281759481
1202,0.24247562355828844
1203,0.9398715794443586
1204,-1.2874791963628511
1205,1.2024559419431926
1206,1.6747920561625456
1207,-0.44683593889511486
1208,-1.3224214114826889
1209,0.23493368573178086
1210,0.7910905495667006
1211,-1.6115820215938506
1212,-1.3591316750340912
1213,-0.4848979354538428
1214,-1.1391919016602583
1215,0.6499366821508838
1216,-0.2922369150586694
1217,0.18487762985791756
1218,0.4769546261805814
1219,-0.7140909525675239
1220,-2.231479797229092
1221,-0.8553477662070637
1222,-1.1233208803968024
1223,-0.6249417625844572
1224,1.092759379272273
1225,-1.7057519976520883
1226,-1.1126544082393508
1227,-1.141237950622162
1228,-1.5106709124475985
1229,-1.567685507841217
1230,-0.5926345604740479
1231,-0.974684310862787
1232,-0.5309042120033542
1233,-2.112236966845063
1234,-1.2201427067532373
1235,-0.24280552382469456
1236,-1.5885763358385216
1237,-0.7884946446025871
1238,0.6035114299965084
1239,-0.8619428275186704
1240,-2.7646339714493626
1241,-2.745369125237921
1242,-0.19949184647794793
1243,-2.3640992817142523
1244,-0.6773254385036627
1245,-1.0984146684919982
1246,0.3454216649437474
1247,-1.5392122768220884
1248,-1.735634672039911
1249,0.5348097906041287
1250,-2.107208956091321
1251,-1.50959874605969
1252,0.6912822000829375
1253,-0.7264340331544676
1254,-0.012732099828093313
1255,-1.870917207591134
1256,-2.049747300164838
1257,-3.626563431078154
1258,-2.471176937403365
1259,0.5382326192374097
1260,-1.0396435066931284
1261,-2.2746264480870715
1262,-0.3372568067947769
1263,-0.5213259094383023
1264,-0.17631201738075297
1265,-0.17970656112475503
1266,-1.6816521750479785
1267,-1.0750192396787561
1268,-1.869265763218125
1269,-2.990724396003282
1270,-1.7979170388693806
1271,0.0880674275725728
1272,-1.0005293491296234
1273,-0.793105937217193
1274,-1.654435693365194
1275,-1.3100139091523864
1276,0.11210914073319
1277,0.8266246440839381
1278,-0.13379258653737947
1279,0.13387541940188885
1280,-0.4807483061708944
1281,-2.3390256002675467
1282,0.2585400626038511
1283,-0.6974905001904519
1284,-2.760716719083669
1285,-0.17406331000271807
1286,0.31396716772728867
1287,-2.333820224888448
1288,-1.5591479713840541
1289,0.02641417894597259
1290,0.596930955458821
1291,0.5680287375325801
1292,-0.209421960236289
1293,0.00681354020084568
1294,-1.537097824753091
1295,1.4835403772441316
1296,2.337261234737648
1297,-1.5849022230437417
1298,0.9532519508864365
1299,0.19127278204474946
1300,0.05951260754501868
1301,-2.718332949019581
1302,0.6234788763171071
1303,-0.3948428096811902
1304,0.8580394130122625
1305,-1.56520511168443
1306,0.2647911114422681
1307,0.43593072309074243
1308,-0.16301534349746316
1309,-1.3142389586687284
1310,1.3486944745652958
1311,0.12930823312120354
1312,2.5595171439479234
1313,0.9924674619307924
1314,0.8297593785269619
1315,2.4179642277301543
1316,1.1720194823013428
1317,-0.11699720622748977
1318,1.5760226283535963
1319,0.3940912518133039
1320,1.5813095532215862
1321,1.8457771676941883
1322,1.9621604578393006
1323,0.003139618053183968
1324,2.337290326828353
1325,1.1663693880138886
1326,0.020936500702034122
1327,0.7369746690859221
1328,1.9854857025034551
1329,-0.24709269547429713
1330,0.8238761256333409
1331,-0.18100019833202907
1332,0.8612644516438904
1333,1.1012041912307378
1334,1.0767369200365249
1335,1.2713304086272323
1336,3.01271694795223
1337,-0.8057504791295814
1338,1.3881767545173427
1339,0.06549675182079984
1340,0.502058205824075
1341,0.8556655768241601
1342,-0.37180146338911524
1343,-0.7400889087952244
1344,1.4038567777503186
1345,1.1252342333351937
1346,0.6476712047264654
1347,1.2591127807831342
1348,0.3579135303681208
1349,0.8941832009451042
1350,0.816938970143562
1351,-0.5936546368861026
1352,1.8199199552334564
1353,0.9025405034831189
1354,1.223085058399996
1355,1.4462729045324336
1356,0.8146256531806144
1357,1.0401402481807893
1358,1.5031104174290308
1359,0.4585376067502131
1360,2.850809264038344
1361,2.031470254891251
1362,1.161211266012728
1363,2.5216052325888514
1364,0.900291905539537
1365,1.0309858034299184
1366,0.303164992464266
1367,0.35371482663462955
1368,-0.31291670374763214
1369,-0.2916625220799791
1370,2.571347368512762
1371,-0.21573888088664872
1372,-0.06747275544137388
1373,0.778950691300408
1374,-1.8635942280576243
1375,0.5291666746098178
1376,2.267025685790339
1377,-1.1484144602978579
1378,1.2426804784341545
1379,0.27440978584718595
1380,-0.2558218160842439
1381,-0.07789940506504323
1382,1.4906635491718196
1383,-0.9860961832066142
1384,0.2825854962396309
1385,-0.828799530929716
1386,1.5560720496010578
1387,0.4169594077384848
1388,0.531831722178724
1389,2.045008565923974
1390,-0.6177478209983497
1391,0.8861770576638477
1392,-1.177661392001883
1393,-0.6949428240783202
1394,2.6282398879058277
1395,-1.226957817811222
1396,-1.8576004831574333
1397,1.220634360734791
1398,0.12040990504049193
1399,1.8196484490119134
1400,1.9072805305196128
1401,0.1289074705974976
1402,-0.012683979602893206
1403,1.4284271755945557
1404,1.0693929864789942
1405,-0.017846111493750372
1406,-0.9592512797907613
1407,-0.2065238246952665
1408,0.27029768745186283
1409,-1.1374847197207831
1410,1.5416875468211442
1411,-1.3044372007591005
1412,1.253376565987307
1413,1.3556852416698266
1414,-1.0644666053548253
1415,-0.9292110522702963
1416,-1.6813275247972896
1417,-1.520614750652196
1418,-1.6183809384491714
1419,-0.1671410406206303
1420,-1.3169913707017833
1421,-2.55619193118817
1422,-0.041036070028398264
1423,-0.4007680584098642
1424,0.25127698543262766
1425,-0.43129412533304745
1426,-1.3724293787335882
1427,-1.146584293945662
1428,-1.7493440116256587
1429,-0.7304360614822956
1430,-1.84060778950461
1431,0.47006997797963035
1432,1.3880364718965803
1433,-1.1260477593628806
1434,-0.6431492247350099
1435,-1.615815130660057
1436,-0.9292253610018152
1437,-2.130590912463199
1438,-0.8446550916603843
1439,-1.2583441288056456
1440,-0.47450026945261015
1441,-1.2915086719654572
1442,-1.0828719042817594
1443,-0.3463086679462184
1444,-1.2571047587203312
1445,-0.08134206113371589
1446,-1.9329524023811762
1447,-1.449084159890043
1448,-0.7461754845029798
1449,-0.25717369433182435
1450,-2.520973421492692
1451,-0.20725101695471715
1452,0.21076081368543576
1453,-0.4351346877295612
1454,-1.1423092918306232
1455,0.5677788839141436
1456,-0.8954793126664817
1457,0.5754548834218243
1458,0.19750033569069037
1459,-1.5808598499440056
1460,2.1004387974862277
1461,-0.0699359956615544
1462,-0.8069680633808137
1463,-0.039581319791967995
1464,0.8770490374638298
1465,-1.000748495298795
1466,0.474125648049893
1467,-0.42313206234969497
1468,-1.9159264671686502
1469,-0.6334646356770269
1470,-2.2009718925316433
1471,0.23769265245410276
1472,-1.858786230904994
1473,-0.12628793856439735
1474,-1.0644697633946327
1475,-0.0025975420501113122
1476,-1.9720058037549544
1477,-0.16924521638071482
1478,-1.160884666973919
1479,0.5700632294059358
1480,-0.5105648257332468
1481,-1.699266187050826
1482,-0.7305140633460232
1483,1.2310056366027469
1484,-1.030035500497172
1485,-0.8241381050537381
1486,-0.6390995344388362
1487,-2.3121735155242766
1488,-0.4234399437876368
1489,-0.08478360590275577
1490,-0.2344744002209717
1491,-0.6611424833819115
1492,0.36949820149088514
1493,-0.8674331302979965
1494,-0.1335496937957482
1495,-0.562346083507406
1496,0.8314824219713415
1497,0.4569462569969282
1498,-0.5329877683760513
1499,-1.0938032112094913
1500,0.8447238435111034
1501,0.6207806036512177
1502,-1.1461534547360321
1503,1.3317497020257076
1504,1.703106979509179
1505,1.7079698115351265
1506,-0.04557407875932934
1507,-0.3353836450522789
1508,0.6990281617495419
1509,0.5479155794838405
1510,-0.3546591272459691
1511,-0.5796000561370692
1512,1.2493180846232794
1513,0.5497134583414662
1514,0.8076895171880845
1515,0.2605938459007521
1516,0.5269780474518774
1517,1.0972112032454988
1518,1.0480547982849542
1519,1.6424416948389724
1520,1.0332928454570336
1521,-0.11240823916481746
1522,-0.9220448785670537
1523,-0.46012020318897406
1524,0.472186226422861
1525,-0.3916660601477452
1526,0.7003931222871673
1527,-0.936553472414683
1528,0.20320904786983462
1529,1.3100170449360524
1530,-0.22304811303753824
1531,1.9844906520802212
1532,0.2747074328363507
1533,0.1682375806958346
1534,0.021622139423345343
1535,1.7607310389970752
1536,0.6266977139918886
1537,3.0289745246579027
1538,0.9680482246087972
1539,-0.23680273356699522
1540,2.058405505597388
1541,0.09180673146716256
1542,1.530679532852311
1543,1.8207607194062034
1544,-0.2609946204954311
1545,0.9968049726053393
1546,1.2206630321827605
1547,1.9208699735631574
1548,1.2890695746902654
1549,0.8320875321497754
1550,-0.7952434286546263
1551,1.4119558965843972
1552,-0.6546162721880343
1553,3.103870312294449
1554,0.42594469915803923
1555,0.2840733563717477
1556,0.5504935257786738
1557,0.34548229484763116
1558,-0.7068083543712589
1559,1.9612593113098475
1560,1.0405447094365112
1561,-0.10902098991369968
1562,0.2683591622847272
1563,0.9938473566971106
1564,1.1859825122119347
1565,0.5626890011252417
1566,0.12496450273943072
1567,0.6494400889422722
1568,1.3586004632258315
1569,-0.05208972007695878
1570,2.8203578333984103
1571,1.6338273003440675
1572,0.44863634675318576
1573,0.9245318079251965
1574,1.5497077404635633
1575,0.6884814252038275
1576,1.2538729017410837
1577,-0.40894478879793705
1578,0.8968811963579713
1579,0.4036056455524021
1580,0.5445786060732013
1581,-0.6238200780716683
1582,-0.2695325265531129
1583,-1.244036949225909
1584,-0.2043321245110416
1585,0.9301640037154187
1586,2.3337972703234278
1587,-0.07987444148378892
1588,-1.298516797688886
1589,0.00015351913731803668
1590,0.08844754548372388
1591,0.019617616240453217
1592,1.3757324122368084
1593,1.437725077378186
1594,0.1762459233567183
1595,1.13293318254618
1596,-0.8336681505034855
1597,0.2905767169695764
1598,-1.1724282773350947
1599,-0.7117614685901722
1600,0.2556174509963938
1601,0.4487854928156515
1602,0.5627041577067107
1603,-0.7882787901086687
1604,-1.2217087643549172
1605,0.34908607507662204
1606,-0.4662299887340079
1607,-0.049082969715267294
1608,-0.6423386659899806
1609,-1.8952385449564642
1610,-1.5361605333320945
1611,-0.45934994570524046
1612,-0.5158668113940075
1613,0.2970077175489175
1614,-1.1585144878852587
1615,-0.40037607368378947
1616,-1.6204393391811256
1617,-0.07909588334233636
1618,0.3327992545532322
1619,-1.0138582851060267
1620,-1.176184055171332
1621,-0.3666142162606039
1622,-0.5985392502201669
1623,-0.34436723412905634
1624,0.1298919856639984
1625,-1.1327332527386964
1626,-1.2330271825439132
1627,0.5297884338167169
1628,-1.2802048333718066
1629,-0.4691381113982347
1630,0.04756809651564131
1631,-1.3033591667394768
1632,-0.20385689643785299
1633,0.1901502031122042
1634,-0.5316126188227328
1635,-1.3821041733048507
1636,-2.1930794541241383
1637,-0.20125138192565994
1638,-1.9835206176952171
1639,-0.25412557037028194
1640,-1.6870043283098937
1641,-0.8994111817726161
1642,-0.743223572893642
1643,-0.8031770477498117
1644,-0.17146675307041948
1645,-1.8021208584170587
1646,-1.1139631888419235
1647,-1.1815201921521437
1648,0.773457102448734
1649,0.8391712894287047
1650,-1.5241989973928929
1651,-1.641705007703231
1652,0.7437441806064929
1653,-0.6509867785043356
1654,0.04174956563979526
1655,-0.7916107185029047
1656,-1.1529188738185896
1657,-1.4287415983608316
1658,-0.872225926490781
1659,-1.0343036195536093
1660,-1.682686664846703
1661,-1.8624527604729026
1662,-1.0017779231196609
1663,-0.20266249763573885
1664,-0.8246342665117361
1665,0.1854603245677129
1666,-0.4049400362968564
1667,-0.6678326675967918
1668,-0.734317716136903
1669,-2.045937147542147
1670,-0.9505689060456296
1671,0.9657479369363419
1672,-0.933507633213317
1673,-1.6073517312805357
1674,0.11211386947436841
1675,0.43892199144884614
1676,0.7576920277197142
1677,0.44250069593592223
1678,-0.23087321029498103
1679,-0.8461935433913155
1680,-1.2422918545436568
1681,-1.1856587388306443
1682,-2.612523587853941
1683,-2.4925975555506703
1684,-1.4514335285131046
1685,-2.3397387595190033
1686,-1.296871809854996
1687,-1.472579887159583
1688,1.122552105220336
1689,-0.16203868066810795
1690,-1.9262545754186253
1691,-0.6279820243969454
1692,-0.5764904675718637
1693,-0.8388514971435762
1694,-0.23706515043548804
1695,-0.051296039618439024
1696,-0.02652531843961535
1697,0.5520247862705125
1698,0.29680669033879326
1699,1.412585178759794
1700,0.4559574510925963
1701,1.193702113358019
1702,0.42352023013972057
1703,0.2467562535884249
1704,1.3871716228021949
1705,-0.3281010016679858
1706,1.2731596144649566
1707,0.39071614786739106
1708,-0.1282221852904648
1709,1.36008743680395
1710,2.623675193186114
1711,1.3417811637798387
1712,1.455408313245773
1713,0.14210724391038526
1714,0.5191140797789882
1715,0.8707874475569692
1716,2.21385382128973
1717,0.9451765300228488
1718,0.1732173426687572
1719,1.4673079317271744
1720,0.28432636345257684
1721,0.9738364074696859
1722,-0.1298491560538113
1723,0.013958491964414899
1724,1.275147347961254
1725,1.1751012370293976
1726,2.299896082076942
1727,-1.1742683038020645
1728,1.8701888586073159
1729,0.2554985064139902
1730,0.6909008259809111
1731,1.2392077221092828
1732,1.2655016562708719
1733,1.153075239261983
1734,1.1963168053830515
1735,1.3850699024198045
1736,0.4505353778913351
1737,0.1820675623957233
1738,-0.36737595921078325
1739,2.473519635503913
1740,0.5124058041744826
1741,2.3613775747898917
1742,-0.523353483241347
1743,0.5835193636679357
1744,1.0990921668255793
1745,1.9493456759606365
1746,0.6825212595206624
1747,1.4143328731965048
1748,1.7164012236104376
1749,-0.2463622693975157
1750,1.3497715715024143
1751,0.5114746916834216
1752,2.5083518334384554
1753,1.6690277872894312
1754,0.15244146652611723
1755,1.6237788909030808
1756,-1.4000249651025525
1757,0.46047111357379134
1758,1.2808029204905762
1759,1.3804896906615414
1760,-0.14561980465912383
1761,1.64269114932536
1762,2.5235839826719655
1763,1.6680331927339627
1764,1.89235045564243
1765,-1.4520760749108814
1766,-0.7095792252073678
1767,1.52285664118885
1768,0.48222356933550775
1769,0.8154003119351277
1770,0.6980621484919167
1771,0.3146769528799667
1772,0.29778818316078454
1773,1.429942064658908
1774,-0.3407628106962459
1775,-1.0534365298005057
1776,2.072542486076685
1777,-0.6342036415527808
1778,0.8186412634545522
1779,1.3797241329503165
1780,1.2891876615863267
1781,0.15316462139133097
1782,-0.571035439080175
1783,-2.0933362131104865
1784,1.5699623452102727
1785,0.24951623252997948
1786,-0.4159465448237466
1787,0.20620044172736895
1788,-0.14052609038875863
1789,-0.4098581621615683
1790,0.13569181594131616
1791,-0.3224214253656221
1792,0.5861682931788217
1793,0.08167095770544504
1794,2.1488505473741464
1795,2.1531159313595634
1796,-0.4578380226098928
1797,0.39528265787759753
1798,0.8290884700943061
1799,-0.4577635900417054
1800,-2.419716603046668
1801,-0.03195710870273808
1802,-0.30096094545767516
1803,-1.5918115130251256
1804,0.6720679290032977
1805,0.9032526934560565
1806,0.18453936992486117
1807,0.29258751234387936
1808,0.7495332844967793
1809,-1.430672837047171
1810,-1.204214383613023
1811,-0.9328880225239403
1812,-0.05409156662262715
1813,-0.603880850893973
1814,-1.307610329607947
1815,-0.36995740302131164
1816,-1.4125944849606276
1817,-0.21371143268060006
1818,-2.5038871708781025
1819,0.42771643055483843
1820,-0.968988622061743
1821,-1.8084764685922359
1822,-0.5639146432698829
1823,-0.43453606506139963
1824,-0.19084872693102561
1825,-0.8162297214916179
1826,-1.2862476571599344
1827,-1.7850322008901893
1828,-0.8584257055520103
1829,1.0757539672133416
1830,-2.5280024068248395
1831,-0.9775093614614834
1832,0.8319287176464246
1833,-2.246248973567191
1834,-1.8005337215712822
1835,-0.3660514846771268
1836,-0.20338695318152133
1837,1.1026396165292076
1838,-0.46744935312770686
1839,-0.6113789373092535
1840,0.5155495801644594
1841,0.3515526100100502
1842,-0.6565184064535381
1843,-1.650494365575956
1844,0.05429163451631269
1845,-0.40478493671139704
1846,-1.708457618210771
1847,-0.20930797093117293
1848,-2.5573248443018928
1849,-2.8339351122642853
1850,0.10993448866173516
1851,-1.9325123103804838
1852,-0.058539113624364036
1853,-0.22151354179733285
1854,-2.0543231940491857
1855,-1.1745594194164166
1856,-1.7018465339014583
1857,0.3953438170056236
1858,-1.5171903589973073
1859,-1.0515351932560288
1860,0.38212286072674995
1861,-1.575404878887152
1862,-0.8187952315449272
1863,-1.6991180468894511
1864,0.2598277729332207
1865,-0.17554130798758272
1866,-1.3050094420335645
1867,-0.24453542521853922
1868,0.0006045372469106747
1869,0.002302566002574613
1870,-1.6253664266314551
1871,0.25844786037755463
1872,-1.1833997918487633
1873,0.27607317759112515
1874,-0.6421815020665329
1875,-1.0667271637666729
1876,-1.1588495958140428
1877,-1.823715606299361
1878,-0.30560766263518097
1879,-1.649990608965501
1880,-0.3732194666150136
1881,-0.26915038869259295
1882,-0.7166116828045882
1883,-0.3794689698786612
1884,-0.11170547864997044
1885,0.32175535767613284
1886,-0.6699666051153912
1887,-0.5909084949819392
1888,-0.34666742984306015
1889,-0.827259453102879
1890,0.2665374952971356
1891,-0.6731716417332521
1892,0.3693311639446033
1893,-0.5086275389030348
1894,0.109748206930154
1895,0.8936588004160292
1896,-1.3152696224573857
1897,0.7411528638992843
1898,-0.3189435680566479
1899,1.8354077389262768
1900,-0.8738685383287296
1901,-0.4029542234683706
1902,0.7851926956677185
1903,-1.4612689957499323
1904,1.1441318654858175
1905,-0.44554305939058625
1906,-0.18315674381304192
1907,2.1663714839548334
1908,-0.56411144363115
1909,0.577783303256657
1910,0.7204686408793837
1911,0.7883876998851798
1912,0.9242860938999735
1913,-0.3022475912066722
1914,-0.20101249177061487
1915,0.13001414113999654
1916,0.6537158486704302
1917,1.1190743169523079
1918,1.5874321445386008
1919,1.0162358599253531
1920,-0.6912721397924297
1921,1.2075237393006235
1922,-0.6765806715169632
1923,2.0964668420528105
1924,1.3341307470697314
1925,-0.002929699241796091
1926,2.716685424086401
1927,1.015730702804801
1928,0.8872689661143255
1929,0.7294510670648324
1930,0.6323801639381784
1931,0.7267817708470451
1932,0.4711523028968558
1933,0.6669002810342508
1934,0.13666868889951622
1935,1.2706931951295366
1936,1.5873129512399613
1937,0.1851512496317096
1938,-0.12161486719541426
1939,0.8297490428052465
1940,1.4868326214231582
1941,0.475203216069072
1942,0.927162022117087
1943,0.9355751706450899
1944,0.9131297601799403
1945,-0.2465836638757234
1946,2.148569429729812
1947,1.8109707972357074
1948,0.6843475582485199
1949,-0.7841700300337185
1950,1.6607282414023468
1951,1.471944873358359
1952,-1.123075677003928
1953,0.10289320378287148
1954,1.6254707282293106
1955,-0.3929628923280283
1956,1.505976885621137
1957,0.43938742872110026
1958,-0.24966920381925872
1959,0.1951499349008332
1960,-0.18876750192700242
1961,2.7066694284487665
1962,0.1419784680857472
1963,-0.44298891513328775
1964,-0.7542035660422131
1965,-0.3501759116173274
1966,1.5500900779230968
1967,1.9344346661970986
1968,0.10084621412781547
1969,-0.11353939254499301
1970,-0.1259248390350448
1971,1.1747420413286602
1972,-0.42901358467239326
1973,0.03691154511280159
1974,1.5027004530140682
1975,-1.292796596589735
1976,3.3020698734795912
1977,1.9930767721861131
1978,0.8254647551004513
1979,1.8560643059731055
1980,2.302107173821569
1981,0.8272113861949216
1982,1.317863737827499
1983,-1.9478530034173558
1984,0.1950422709385779
1985,-0.03933825043039135
1986,-0.44421665879785277
1987,-2.186675877323415
1988,1.044207661331934
1989,0.5813344737038526
1990,1.5114259116421127
1991,-0.5337624953990848
1992,0.6779069977275084
1993,0.7810423301381085
1994,2.2622596101565975
1995,1.1998122148278927
1996,0.9961929461198865
1997,-1.988365879806704
1998,0.2681663891442719
1999,1.1605855670968679
